{"playerPosition":{"x":-5.843727111816406,"y":1.1554813385009766,"z":0.0},"coins":0}